{"name":"f6e80bc3-3507-486a-874a-a81169d3d38f","id":"/providers/Microsoft.Flow/flows/f6e80bc3-3507-486a-874a-a81169d3d38f","type":"Microsoft.Flow/flows","properties":{"apiId":"/providers/Microsoft.PowerApps/apis/shared_logicflows","displayName":"リボット","definition":{"metadata":{"workflowEntityId":null,"processAdvisorMetadata":null,"flowChargedByPaygo":null,"flowclientsuspensionreason":"None","flowclientsuspensiontime":null,"flowclientsuspensionreasondetails":null,"creator":{"id":"c07f49a9-5899-4b78-b749-2901f6526f48","type":"User","tenantId":"93f33571-550f-43cf-b09f-cd331338d086"},"provisioningMethod":"FromDefinition","failureAlertSubscription":true,"clientLastModifiedTime":"2025-08-04T05:35:10.8570862Z","connectionKeySavedTimeKey":"2025-08-04T05:35:10.8570862Z","creationSource":null,"modifiedSources":"Portal"},"$schema":"https://schema.management.azure.com/providers/Microsoft.Logic/schemas/2016-06-01/workflowdefinition.json#","contentVersion":"1.0.0.0","parameters":{"$authentication":{"defaultValue":{},"type":"SecureObject"},"$connections":{"defaultValue":{},"type":"Object"}},"triggers":{"チャットに新しいメッセージが追加されたとき":{"type":"OpenApiConnectionWebhook","inputs":{"host":{"apiId":"/providers/Microsoft.PowerApps/apis/shared_teams","connectionName":"shared_teams","operationId":"WebhookChatMessageTrigger"},"authentication":"@parameters('$authentication')"}}},"actions":{"変数を初期化する_0":{"runAfter":{"マイ_プロフィールの取得_(V2)":["Succeeded"]},"type":"InitializeVariable","inputs":{"variables":[{"name":"予定時刻","type":"string"}]}},"変数を初期化する_1":{"runAfter":{"変数を初期化する_0":["Succeeded"]},"type":"InitializeVariable","inputs":{"variables":[{"name":"ユーザーID","type":"string"}]}},"変数を初期化する_2":{"runAfter":{"変数を初期化する_1":["Succeeded"]},"type":"InitializeVariable","inputs":{"variables":[{"name":"本文","type":"string"}]}},"マイ_プロフィールの取得_(V2)":{"runAfter":{},"type":"OpenApiConnection","inputs":{"host":{"apiId":"/providers/Microsoft.PowerApps/apis/shared_office365users","connectionName":"shared_office365users","operationId":"MyProfile_V2"},"authentication":"@parameters('$authentication')"}},"条件-リミット照合":{"actions":{"延期期限":{"type":"Wait","inputs":{"until":{"timestamp":"@variables('予定時刻')"}}},"ユーザーの_@mention_トークンを取得する":{"runAfter":{"延期期限":["Succeeded"]},"type":"OpenApiConnection","inputs":{"parameters":{"userId":"@variables('ユーザーID')"},"host":{"apiId":"/providers/Microsoft.PowerApps/apis/shared_teams","connectionName":"shared_teams","operationId":"AtMentionUser"},"authentication":"@parameters('$authentication')"}},"チャットまたはチャネルでメッセージを投稿する":{"runAfter":{"ユーザーの_@mention_トークンを取得する":["Succeeded"]},"type":"OpenApiConnection","inputs":{"parameters":{"poster":"Flow bot","location":"Chat with Flow bot","body/recipient":"@variables('ユーザーID')","body/messageBody":"<p class=\"editor-paragraph\">@{outputs('ユーザーの_@mention_トークンを取得する')?['body/atMention']}</p><p class=\"editor-paragraph\">@{variables('本文')}</p>"},"host":{"apiId":"/providers/Microsoft.PowerApps/apis/shared_teams","connectionName":"shared_teams","operationId":"PostMessageToConversation"},"authentication":"@parameters('$authentication')"}}},"runAfter":{"条件-ユーザー照合":["Succeeded"]},"else":{"actions":{"終了":{"runAfter":{"チャットまたはチャネルでメッセージを投稿する_1":["Succeeded"]},"type":"Terminate","inputs":{"runStatus":"Cancelled"}},"チャットまたはチャネルでメッセージを投稿する_1":{"type":"OpenApiConnection","inputs":{"parameters":{"poster":"Flow bot","location":"Chat with Flow bot","body/recipient":"@variables('ユーザーID')","body/messageBody":"<p class=\"editor-paragraph\">無効な時間だよ。</p>"},"host":{"apiId":"/providers/Microsoft.PowerApps/apis/shared_teams","connectionName":"shared_teams","operationId":"PostMessageToConversation"},"authentication":"@parameters('$authentication')"}}}},"expression":{"and":[{"greater":["@variables('リミット（秒）')",0]}]},"type":"If"},"条件-ユーザー照合":{"actions":{"For_each":{"foreach":"@triggerOutputs()?['body/value']","actions":{"メッセージ詳細を取得する":{"type":"OpenApiConnection","inputs":{"parameters":{"messageId":"@item()?['messageId']","threadType":"groupchat","body/recipient":"@item()?['conversationId']"},"host":{"apiId":"/providers/Microsoft.PowerApps/apis/shared_teams","connectionName":"shared_teams","operationId":"GetMessageDetails"},"authentication":"@parameters('$authentication')"}},"条件-ウェイクワード照合":{"actions":{"アダプティブ_カードを投稿して応答を待機する":{"limit":{"timeout":"PT10M"},"type":"OpenApiConnectionWebhook","inputs":{"parameters":{"poster":"Flow bot","location":"Chat with Flow bot","body/body/messageBody":"{\n    \"type\": \"AdaptiveCard\",\n    \"$schema\": \"https://adaptivecards.io/schemas/adaptive-card.json\",\n    \"version\": \"1.5\",\n    \"body\": [\n        {\n            \"type\": \"Image\",\n            \"size\": \"Stretch\",\n            \"url\": \"https://raw.githubusercontent.com/k12416/bot/bc0f7749b4c899dafbf8486a6fef25d6fb03f349/A%20three-head-tall%20robot%20mascot%20inspired%20by%20DXC%20Technology%2C%20facing%20to%20the%20right%2C%20with%20a%20slightly%20roun.png\"\n        },\n        {\n            \"type\": \"TextBlock\",\n            \"text\": \"いつ？\",\n            \"wrap\": true,\n            \"size\": \"Large\",\n            \"color\": \"Accent\",\n            \"isSubtle\": true\n        },\n        {\n            \"type\": \"Input.Date\",\n            \"id\": \"WHEN1\"\n        },\n        {\n            \"type\": \"ColumnSet\",\n            \"columns\": [\n                {\n                    \"type\": \"Column\",\n                    \"width\": \"auto\",\n                    \"items\": [\n                        {\n                            \"type\": \"Input.ChoiceSet\",\n                            \"id\": \"HOUR\",\n                            \"choices\": [\n                                {\n                                    \"title\": \"07\",\n                                    \"value\": \"07\"\n                                },\n                                {\n                                    \"title\": \"08\",\n                                    \"value\": \"08\"\n                                },\n                                {\n                                    \"title\": \"09\",\n                                    \"value\": \"09\"\n                                },\n                                {\n                                    \"title\": \"10\",\n                                    \"value\": \"10\"\n                                },\n                                {\n                                    \"title\": \"11\",\n                                    \"value\": \"11\"\n                                },\n                                {\n                                    \"title\": \"12\",\n                                    \"value\": \"12\"\n                                },\n                                {\n                                    \"title\": \"13\",\n                                    \"value\": \"13\"\n                                },\n                                {\n                                    \"title\": \"14\",\n                                    \"value\": \"14\"\n                                },\n                                {\n                                    \"title\": \"15\",\n                                    \"value\": \"15\"\n                                },\n                                {\n                                    \"title\": \"16\",\n                                    \"value\": \"16\"\n                                },\n                                {\n                                    \"title\": \"17\",\n                                    \"value\": \"17\"\n                                },\n                                {\n                                    \"title\": \"18\",\n                                    \"value\": \"18\"\n                                },\n                                {\n                                    \"title\": \"19\",\n                                    \"value\": \"19\"\n                                },\n                                {\n                                    \"title\": \"20\",\n                                    \"value\": \"20\"\n                                }\n                            ]\n                        }\n                    ]\n                },\n                {\n                    \"type\": \"Column\",\n                    \"width\": \"auto\",\n                    \"items\": [\n                        {\n                            \"type\": \"TextBlock\",\n                            \"text\": \"時\",\n                            \"verticalContentAlignment\": \"Center\",\n                            \"wrap\": true\n                        }\n                    ]\n                },\n                {\n                    \"type\": \"Column\",\n                    \"width\": \"auto\",\n                    \"items\": [\n                        {\n                            \"type\": \"Input.ChoiceSet\",\n                            \"id\": \"MINUTE\",\n                            \"choices\": [\n                                {\n                                    \"title\": \"00\",\n                                    \"value\": \"00\"\n                                },\n                                {\n                                    \"title\": \"01\",\n                                    \"value\": \"01\"\n                                },\n                                {\n                                    \"title\": \"02\",\n                                    \"value\": \"02\"\n                                },\n                                {\n                                    \"title\": \"03\",\n                                    \"value\": \"03\"\n                                },\n                                {\n                                    \"title\": \"04\",\n                                    \"value\": \"04\"\n                                },\n                                {\n                                    \"title\": \"05\",\n                                    \"value\": \"05\"\n                                },\n                                {\n                                    \"title\": \"06\",\n                                    \"value\": \"06\"\n                                },\n                                {\n                                    \"title\": \"07\",\n                                    \"value\": \"07\"\n                                },\n                                {\n                                    \"title\": \"08\",\n                                    \"value\": \"08\"\n                                },\n                                {\n                                    \"title\": \"09\",\n                                    \"value\": \"09\"\n                                },\n                                {\n                                    \"title\": \"10\",\n                                    \"value\": \"10\"\n                                },\n                                {\n                                    \"title\": \"11\",\n                                    \"value\": \"11\"\n                                },\n                                {\n                                    \"title\": \"12\",\n                                    \"value\": \"12\"\n                                },\n                                {\n                                    \"title\": \"13\",\n                                    \"value\": \"13\"\n                                },\n                                {\n                                    \"title\": \"14\",\n                                    \"value\": \"14\"\n                                },\n                                {\n                                    \"title\": \"15\",\n                                    \"value\": \"15\"\n                                },\n                                {\n                                    \"title\": \"16\",\n                                    \"value\": \"16\"\n                                },\n                                {\n                                    \"title\": \"17\",\n                                    \"value\": \"17\"\n                                },\n                                {\n                                    \"title\": \"18\",\n                                    \"value\": \"18\"\n                                },\n                                {\n                                    \"title\": \"19\",\n                                    \"value\": \"19\"\n                                },\n                                {\n                                    \"title\": \"20\",\n                                    \"value\": \"20\"\n                                },\n                                {\n                                    \"title\": \"21\",\n                                    \"value\": \"21\"\n                                },\n                                {\n                                    \"title\": \"22\",\n                                    \"value\": \"22\"\n                                },\n                                {\n                                    \"title\": \"23\",\n                                    \"value\": \"23\"\n                                },\n                                {\n                                    \"title\": \"24\",\n                                    \"value\": \"24\"\n                                },\n                                {\n                                    \"title\": \"25\",\n                                    \"value\": \"25\"\n                                },\n                                {\n                                    \"title\": \"26\",\n                                    \"value\": \"26\"\n                                },\n                                {\n                                    \"title\": \"27\",\n                                    \"value\": \"27\"\n                                },\n                                {\n                                    \"title\": \"28\",\n                                    \"value\": \"28\"\n                                },\n                                {\n                                    \"title\": \"29\",\n                                    \"value\": \"29\"\n                                },\n                                {\n                                    \"title\": \"30\",\n                                    \"value\": \"30\"\n                                },\n                                {\n                                    \"title\": \"31\",\n                                    \"value\": \"31\"\n                                },\n                                {\n                                    \"title\": \"32\",\n                                    \"value\": \"32\"\n                                },\n                                {\n                                    \"title\": \"33\",\n                                    \"value\": \"33\"\n                                },\n                                {\n                                    \"title\": \"34\",\n                                    \"value\": \"34\"\n                                },\n                                {\n                                    \"title\": \"35\",\n                                    \"value\": \"35\"\n                                },\n                                {\n                                    \"title\": \"36\",\n                                    \"value\": \"36\"\n                                },\n                                {\n                                    \"title\": \"37\",\n                                    \"value\": \"37\"\n                                },\n                                {\n                                    \"title\": \"38\",\n                                    \"value\": \"38\"\n                                },\n                                {\n                                    \"title\": \"39\",\n                                    \"value\": \"39\"\n                                },\n                                {\n                                    \"title\": \"40\",\n                                    \"value\": \"40\"\n                                },\n                                {\n                                    \"title\": \"41\",\n                                    \"value\": \"41\"\n                                },\n                                {\n                                    \"title\": \"42\",\n                                    \"value\": \"42\"\n                                },\n                                {\n                                    \"title\": \"43\",\n                                    \"value\": \"43\"\n                                },\n                                {\n                                    \"title\": \"44\",\n                                    \"value\": \"44\"\n                                },\n                                {\n                                    \"title\": \"45\",\n                                    \"value\": \"45\"\n                                },\n                                {\n                                    \"title\": \"46\",\n                                    \"value\": \"46\"\n                                },\n                                {\n                                    \"title\": \"47\",\n                                    \"value\": \"47\"\n                                },\n                                {\n                                    \"title\": \"48\",\n                                    \"value\": \"48\"\n                                },\n                                {\n                                    \"title\": \"49\",\n                                    \"value\": \"49\"\n                                },\n                                {\n                                    \"title\": \"50\",\n                                    \"value\": \"50\"\n                                },\n                                {\n                                    \"title\": \"51\",\n                                    \"value\": \"51\"\n                                },\n                                {\n                                    \"title\": \"52\",\n                                    \"value\": \"52\"\n                                },\n                                {\n                                    \"title\": \"53\",\n                                    \"value\": \"53\"\n                                },\n                                {\n                                    \"title\": \"54\",\n                                    \"value\": \"54\"\n                                },\n                                {\n                                    \"title\": \"55\",\n                                    \"value\": \"55\"\n                                },\n                                {\n                                    \"title\": \"56\",\n                                    \"value\": \"56\"\n                                },\n                                {\n                                    \"title\": \"57\",\n                                    \"value\": \"57\"\n                                },\n                                {\n                                    \"title\": \"58\",\n                                    \"value\": \"58\"\n                                },\n                                {\n                                    \"title\": \"59\",\n                                    \"value\": \"59\"\n                                }\n                            ]\n                        }\n                    ]\n                },\n                {\n                    \"type\": \"Column\",\n                    \"width\": \"auto\",\n                    \"items\": [\n                        {\n                            \"type\": \"TextBlock\",\n                            \"text\": \"分\",\n                            \"verticalContentAlignment\": \"Center\",\n                            \"wrap\": true\n                        }\n                    ]\n                }\n            ]\n        },\n        {\n            \"type\": \"TextBlock\",\n            \"text\": \"どんな用事？\",\n            \"wrap\": true,\n            \"size\": \"Large\",\n            \"color\": \"Accent\"\n        },\n        {\n            \"type\": \"Input.Text\",\n            \"placeholder\": \"Placeholder text\",\n            \"id\": \"WHAT\"\n        }\n    ],\n    \"actions\": [\n        {\n            \"type\": \"Action.Submit\",\n            \"title\": \"送信\"\n        }\n    ]\n}","body/body/recipient/to":"@outputs('メッセージ詳細を取得する')?['body/from/user/id']","body/body/recipient/isAlert":true},"host":{"apiId":"/providers/Microsoft.PowerApps/apis/shared_teams","connectionName":"shared_teams","operationId":"PostCardAndWaitForResponse"},"authentication":"@parameters('$authentication')"}},"変数の設定":{"runAfter":{"アダプティブ_カードを投稿して応答を待機する":["Succeeded"]},"type":"SetVariable","inputs":{"name":"予定時刻","value":"@convertTimeZone(\r\n  concat(\r\n    outputs('アダプティブ_カードを投稿して応答を待機する')?['body/data/wheN1'],\r\n    'T',\r\n    outputs('アダプティブ_カードを投稿して応答を待機する')?['body/data/hour'],\r\n    ':',\r\n    outputs('アダプティブ_カードを投稿して応答を待機する')?['body/data/minute'],\r\n    ':00'\r\n  ),\r\n  'Tokyo Standard Time',\r\n  'UTC'\r\n)\r\n"}},"変数の設定_1":{"runAfter":{"変数の設定":["Succeeded"]},"type":"SetVariable","inputs":{"name":"ユーザーID","value":"@outputs('メッセージ詳細を取得する')?['body/from/user/id']"}},"変数の設定_2":{"runAfter":{"変数の設定_1":["Succeeded"]},"type":"SetVariable","inputs":{"name":"本文","value":"@concat(outputs('アダプティブ_カードを投稿して応答を待機する')?['body/data/what'],'の時間だよ！')"}},"変数の設定_3":{"runAfter":{"変数の設定_2":["Succeeded"]},"type":"SetVariable","inputs":{"name":"リミット（秒）","value":"@div(\r\n  sub(\r\n    ticks(\r\n      concat(\r\n        outputs('アダプティブ_カードを投稿して応答を待機する')?['body/data/wheN1'],\r\n        'T',\r\n        outputs('アダプティブ_カードを投稿して応答を待機する')?['body/data/hour'],\r\n        ':',\r\n        outputs('アダプティブ_カードを投稿して応答を待機する')?['body/data/minute'],\r\n        ':00'\r\n      )\r\n    ),\r\n    ticks(\r\n      convertTimeZone(\r\n        utcNow(),\r\n        'UTC',\r\n        'Tokyo Standard Time'\r\n      )\r\n    )\r\n  ),\r\n  10000000\r\n)\r\n"}},"受付通知":{"runAfter":{"変数の設定_3":["Succeeded"]},"type":"OpenApiConnection","inputs":{"parameters":{"poster":"Flow bot","location":"Chat with Flow bot","body/recipient":"@variables('ユーザーID')","body/messageBody":"<p class=\"editor-paragraph\">@{concat(outputs('アダプティブ_カードを投稿して応答を待機する')?['body/data/what'],'の予約を承ったよ！')}</p>"},"host":{"apiId":"/providers/Microsoft.PowerApps/apis/shared_teams","connectionName":"shared_teams","operationId":"PostMessageToConversation"},"authentication":"@parameters('$authentication')"}}},"runAfter":{"メッセージ詳細を取得する":["Succeeded"]},"else":{"actions":{}},"expression":{"and":[{"contains":["@outputs('メッセージ詳細を取得する')?['body/body/plainTextContent']","リボット"]}]},"type":"If"}},"type":"Foreach"}},"runAfter":{"For_each_1":["Succeeded"]},"else":{"actions":{"終了_1":{"type":"Terminate","inputs":{"runStatus":"Cancelled"}}}},"expression":{"and":[{"equals":["@variables('ユーザー表示名')","@outputs('マイ_プロフィールの取得_(V2)')?['body/displayName']"]}]},"type":"If"},"変数を初期化する_3":{"runAfter":{"変数を初期化する_2":["Succeeded"]},"type":"InitializeVariable","inputs":{"variables":[{"name":"ユーザー表示名","type":"string"}]}},"For_each_1":{"foreach":"@triggerOutputs()?['body/value']","actions":{"メッセージ詳細を取得する_0":{"type":"OpenApiConnection","inputs":{"parameters":{"messageId":"@item()?['messageId']","threadType":"groupchat","body/recipient":"@item()?['conversationId']"},"host":{"apiId":"/providers/Microsoft.PowerApps/apis/shared_teams","connectionName":"shared_teams","operationId":"GetMessageDetails"},"authentication":"@parameters('$authentication')"}},"変数の設定_0":{"runAfter":{"メッセージ詳細を取得する_0":["Succeeded"]},"type":"SetVariable","inputs":{"name":"ユーザー表示名","value":"@outputs('メッセージ詳細を取得する_0')?['body/from/user/displayName']"}}},"runAfter":{"変数を初期化する":["Succeeded"]},"type":"Foreach"},"変数を初期化する":{"runAfter":{"変数を初期化する_3":["Succeeded"]},"type":"InitializeVariable","inputs":{"variables":[{"name":"リミット（秒）","type":"integer"}]}}},"outputs":{},"description":""},"connectionReferences":{"shared_teams":{"connectionName":"shared-teams-715e11f1-1eb6-4942-b6b9-7113ce6deeb9","source":"Embedded","id":"/providers/Microsoft.PowerApps/apis/shared_teams","tier":"NotSpecified","apiName":"teams","isProcessSimpleApiReferenceConversionAlreadyDone":false},"shared_office365users":{"connectionName":"dce3f3a4c610470c932c9187170a81ad","source":"Embedded","id":"/providers/Microsoft.PowerApps/apis/shared_office365users","tier":"NotSpecified","apiName":"office365users","isProcessSimpleApiReferenceConversionAlreadyDone":false}},"flowFailureAlertSubscribed":false,"isManaged":false}}